{"stats":{"minecraft:used":{"minecraft:dirt":1,"minecraft:sweet_berries":2},"minecraft:crafted":{"minecraft:spruce_planks":4},"minecraft:custom":{"minecraft:jump":20,"minecraft:time_since_rest":7342,"minecraft:damage_taken":40,"minecraft:leave_game":2,"minecraft:play_time":7342,"minecraft:sprint_one_cm":2529,"minecraft:time_since_death":7342,"minecraft:walk_one_cm":5719,"minecraft:sneak_time":1,"minecraft:total_world_time":7342,"minecraft:fall_one_cm":1704,"minecraft:fly_one_cm":3219},"minecraft:picked_up":{"minecraft:spruce_log":1,"minecraft:sweet_berries":3,"minecraft:wheat_seeds":1,"minecraft:dirt":1},"minecraft:mined":{"minecraft:large_fern":1,"minecraft:sweet_berry_bush":1,"minecraft:grass_block":1,"minecraft:spruce_leaves":2,"minecraft:spruce_log":1}},"DataVersion":3465}