{"stats":{"minecraft:custom":{"minecraft:time_since_rest":12973,"minecraft:sprint_one_cm":104771,"minecraft:damage_taken":1095,"minecraft:walk_one_cm":220344,"minecraft:mob_kills":2,"minecraft:damage_dealt":428,"minecraft:interact_with_crafting_table":1,"minecraft:swim_one_cm":2117,"minecraft:fly_one_cm":101526,"minecraft:open_chest":2,"minecraft:crouch_one_cm":337,"minecraft:play_time":50435,"minecraft:deaths":4,"minecraft:sneak_time":100,"minecraft:walk_under_water_one_cm":264,"minecraft:jump":1123,"minecraft:leave_game":2,"minecraft:time_since_death":12945,"minecraft:walk_on_water_one_cm":562,"minecraft:total_world_time":50435,"minecraft:fall_one_cm":24034},"minecraft:crafted":{"minecraft:spruce_wood":3,"minecraft:crafting_table":1,"minecraft:spruce_planks":28,"minecraft:stick":4,"minecraft:wooden_pickaxe":1},"minecraft:picked_up":{"minecraft:stick":3,"minecraft:spruce_sapling":1,"minecraft:carrot":1,"minecraft:spruce_log":9,"minecraft:string":1,"minecraft:dirt":28,"minecraft:rotten_flesh":2,"minecraft:wheat_seeds":27,"minecraft:hay_block":2,"minecraft:snowball":34},"minecraft:killed_by":{"minecraft:skeleton":1,"minecraft:zombie":3},"minecraft:mined":{"minecraft:large_fern":1,"minecraft:hay_block":1,"minecraft:spruce_log":6,"minecraft:grass":353,"minecraft:grass_block":5,"minecraft:dirt":9,"minecraft:tall_grass":46,"minecraft:spruce_leaves":6,"minecraft:fern":6},"minecraft:killed":{"minecraft:spider":1},"minecraft:used":{"minecraft:spruce_planks":12,"minecraft:spruce_sapling":1,"minecraft:dirt":26,"minecraft:hay_block":1,"minecraft:crafting_table":1,"minecraft:snowball":16}},"DataVersion":3120}