{"stats":{"minecraft:crafted":{"minecraft:spruce_planks":32},"minecraft:custom":{"minecraft:jump":43,"minecraft:time_since_rest":9406,"minecraft:damage_taken":40,"minecraft:leave_game":6,"minecraft:sprint_one_cm":8580,"minecraft:play_time":9406,"minecraft:time_since_death":9406,"minecraft:walk_one_cm":12256,"minecraft:sneak_time":194,"minecraft:total_world_time":9406,"minecraft:fall_one_cm":1971,"minecraft:fly_one_cm":5383},"minecraft:picked_up":{"minecraft:sweet_berries":3,"minecraft:spruce_log":8,"minecraft:wheat_seeds":1,"minecraft:dirt":2},"minecraft:mined":{"minecraft:large_fern":1,"minecraft:sweet_berry_bush":1,"minecraft:grass_block":2,"minecraft:spruce_leaves":2,"minecraft:spruce_log":8},"minecraft:used":{"minecraft:dirt":2,"minecraft:sweet_berries":2}},"DataVersion":3465}