{"stats":{"minecraft:custom":{"minecraft:time_since_rest":13993,"minecraft:sprint_one_cm":56282,"minecraft:damage_taken":40,"minecraft:walk_one_cm":29895,"minecraft:mob_kills":24,"minecraft:damage_dealt":4591,"minecraft:fly_one_cm":76641,"minecraft:interact_with_crafting_table":3,"minecraft:open_chest":2,"minecraft:crouch_one_cm":2672,"minecraft:play_time":13993,"minecraft:sneak_time":1653,"minecraft:jump":378,"minecraft:interact_with_grindstone":1,"minecraft:time_since_death":13993,"minecraft:walk_on_water_one_cm":603,"minecraft:total_world_time":13993,"minecraft:fall_one_cm":8536},"minecraft:crafted":{"minecraft:crafting_table":1,"minecraft:spruce_planks":48,"minecraft:stick":8,"minecraft:wooden_pickaxe":1,"minecraft:stone_pickaxe":1,"minecraft:stone_sword":1,"minecraft:stone_axe":1},"minecraft:picked_up":{"minecraft:stick":1,"minecraft:crafting_table":1,"minecraft:leather":4,"minecraft:porkchop":14,"minecraft:spruce_sapling":1,"minecraft:spruce_log":12,"minecraft:spider_eye":1,"minecraft:dirt":2,"minecraft:string":2,"minecraft:wheat_seeds":1,"minecraft:hay_block":6,"minecraft:spruce_planks":3,"minecraft:iron_ingot":8,"minecraft:beef":7,"minecraft:poppy":1,"minecraft:sugar_cane":8,"minecraft:mutton":8,"minecraft:coal":1,"minecraft:white_wool":5,"minecraft:cobblestone":8},"minecraft:mined":{"minecraft:hay_block":7,"minecraft:spruce_planks":3,"minecraft:spruce_log":12,"minecraft:crafting_table":1,"minecraft:grass":7,"minecraft:coal_ore":1,"minecraft:spruce_leaves":1,"minecraft:stone":8,"minecraft:sugar_cane":3},"minecraft:killed":{"minecraft:sheep":5,"minecraft:zombie":1,"minecraft:pig":6,"minecraft:spider":1,"minecraft:iron_golem":2,"minecraft:villager":4,"minecraft:cow":4},"minecraft:used":{"minecraft:stone_sword":61,"minecraft:bread":3,"minecraft:stone_pickaxe":1,"minecraft:spruce_planks":8,"minecraft:wooden_pickaxe":8,"minecraft:stone_axe":31,"minecraft:crafting_table":1,"minecraft:iron_leggings":1}},"DataVersion":3120}